lea_name,identified_student_percentage_isp,2019,2020,2021,2022,2023,2024
Alamance-Burlington Schools,36.98,Some Schools,NA,NA,NA,NA,NA
Alexander County Schools,26.31,Some Schools,NA,NA,NA,NA,NA
Alleghany County Schools,42.96,Not Participating,NA,NA,NA,NA,NA
Anson County Schools,57.03,District Wide,NA,NA,NA,NA,NA
Ashe County Schools,35.96,Not Participating,NA,NA,NA,NA,NA
Avery County Schools,27.58,Not Participating,NA,NA,NA,NA,NA
Beaufort County Schools,57.16,Some Schools,NA,NA,NA,NA,NA
Bertie County Schools,59.13,District Wide,NA,NA,NA,NA,NA
Bladen County Schools,76.69,District Wide,NA,NA,NA,NA,NA
Brunswick County Schools,58.11,Not Participating,NA,NA,NA,NA,NA
Buncombe County Schools,29.9,Some Schools,NA,NA,NA,NA,NA
Asheville City Schools,27.41,Not Participating,NA,NA,NA,NA,NA
Burke County Schools,34.28,Not Participating,NA,NA,NA,NA,NA
Cabarrus County Schools,22.08,Some Schools,NA,NA,NA,NA,NA
Kannapolis City Schools,42.53,District Wide,NA,NA,NA,NA,NA
Caldwell County Schools,35.45,Some Schools,NA,NA,NA,NA,NA
Camden County Schools,14.12,Not Participating,NA,NA,NA,NA,NA
Carteret County Public Schools,54.18,Not Participating,NA,NA,NA,NA,NA
Caswell County Schools,48.97,Some Schools,NA,NA,NA,NA,NA
Catawba County Schools,26.83,Some Schools,NA,NA,NA,NA,NA
Hickory City Schools,39.75,Some Schools,NA,NA,NA,NA,NA
Newton Conover City Schools,32.77,Not Participating,NA,NA,NA,NA,NA
Chatham County Schools,26.88,Not Participating,NA,NA,NA,NA,NA
Cherokee County Schools,37.52,Some Schools,NA,NA,NA,NA,NA
Edenton/Chowan Schools,43.24,Not Participating,NA,NA,NA,NA,NA
Clay County Schools,38.03,Not Participating,NA,NA,NA,NA,NA
Cleveland County Schools,48.1,Some Schools,NA,NA,NA,NA,NA
Columbus County Schools,72.21,District Wide,NA,NA,NA,NA,NA
Whiteville City Schools,73.86,District Wide,NA,NA,NA,NA,NA
Craven County Schools,47.39,Some Schools,NA,NA,NA,NA,NA
Cumberland County Schools,54.77,Some Schools,NA,NA,NA,NA,NA
Currituck County Schools,18.02,Not Participating,NA,NA,NA,NA,NA
Dare County Schools,20.71,Some Schools,NA,NA,NA,NA,NA
Davidson County Schools,25.94,Not Participating,NA,NA,NA,NA,NA
Lexington City Schools,59.55,District Wide,NA,NA,NA,NA,NA
Thomasville City Schools,62.67,District Wide,NA,NA,NA,NA,NA
Residential Schools,43.78,Some Schools,NA,NA,NA,NA,NA
Davie County Schools,30.59,Not Participating,NA,NA,NA,NA,NA
Duplin County Schools,68.58,District Wide,NA,NA,NA,NA,NA
Durham Public Schools,41.1,Some Schools,NA,NA,NA,NA,NA
Edgecombe County Schools,49.49,Some Schools,NA,NA,NA,NA,NA
Forsyth County Schools,38.17,Some Schools,NA,NA,NA,NA,NA
Franklin County Schools,37.63,Not Participating,NA,NA,NA,NA,NA
Gaston County Schools,38.73,Some Schools,NA,NA,NA,NA,NA
Gates County Schools,35.57,Not Participating,NA,NA,NA,NA,NA
Graham County Schools,34.23,Not Participating,NA,NA,NA,NA,NA
Granville County Schools,33.85,Not Participating,NA,NA,NA,NA,NA
Greene County Schools,72.74,District Wide,NA,NA,NA,NA,NA
Guilford County Schools,42.94,Some Schools,NA,NA,NA,NA,NA
Halifax County Schools,67.12,District Wide,NA,NA,NA,NA,NA
Roanoke Rapids City Schools,64.28,Not Participating,NA,NA,NA,NA,NA
Weldon City Schools,48.43,District Wide,NA,NA,NA,NA,NA
Harnett County Schools,37.76,Some Schools,NA,NA,NA,NA,NA
Haywood County Schools,34.33,Some Schools,NA,NA,NA,NA,NA
Henderson County Schools,26.91,Some Schools,NA,NA,NA,NA,NA
Hertford County Schools,53.15,District Wide,NA,NA,NA,NA,NA
Hoke County Schools,56.37,Some Schools,NA,NA,NA,NA,NA
Hyde County Schools,65.12,District Wide,NA,NA,NA,NA,NA
Iredell-Statesville Schools,21.68,Not Participating,NA,NA,NA,NA,NA
Mooresville Graded School District,18.5,Not Participating,NA,NA,NA,NA,NA
Jackson County Schools,32.35,Some Schools,NA,NA,NA,NA,NA
Johnston County Schools,29.4,Some Schools,NA,NA,NA,NA,NA
Jones County Schools,68.55,District Wide,NA,NA,NA,NA,NA
Lee County Schools,53.18,Not Participating,NA,NA,NA,NA,NA
Lenoir County Public Schools,71.58,District Wide,NA,NA,NA,NA,NA
Lincoln County Schools,27.28,Some Schools,NA,NA,NA,NA,NA
Macon County Schools,29.45,Some Schools,NA,NA,NA,NA,NA
Madison County Schools,31.91,Some Schools,NA,NA,NA,NA,NA
Martin County Schools,46.63,Some Schools,NA,NA,NA,NA,NA
McDowell County Schools,41.69,Not Participating,NA,NA,NA,NA,NA
Charlotte-Mecklenburg Schools,30.39,Some Schools,NA,NA,NA,NA,NA
Mitchell County Schools,32.35,Not Participating,NA,NA,NA,NA,NA
Montgomery County Schools,41.05,Not Participating,NA,NA,NA,NA,NA
Moore County Schools,32.8,Not Participating,NA,NA,NA,NA,NA
Nash-Rocky Mount Schools,44.56,Some Schools,NA,NA,NA,NA,NA
New Hanover County Schools,45.9,Some Schools,NA,NA,NA,NA,NA
Northampton County Schools,63.27,District Wide,NA,NA,NA,NA,NA
Onslow County Schools,44.28,Not Participating,NA,NA,NA,NA,NA
Orange County Schools,25.17,Not Participating,NA,NA,NA,NA,NA
Chapel Hill-Carrboro Schools,26.08,Not Participating,NA,NA,NA,NA,NA
Pamlico County Schools,55.68,Some Schools,NA,NA,NA,NA,NA
Pasquotank County Schools,44.51,Some Schools,NA,NA,NA,NA,NA
Pender County Schools,53.44,Not Participating,NA,NA,NA,NA,NA
Perquimans County Schools,41.47,Not Participating,NA,NA,NA,NA,NA
Person County Schools,43.69,Some Schools,NA,NA,NA,NA,NA
Pitt County Schools,49.52,Some Schools,NA,NA,NA,NA,NA
Polk County Schools,36.04,Some Schools,NA,NA,NA,NA,NA
Randolph County Schools,33.58,Some Schools,NA,NA,NA,NA,NA
Asheboro City Schools,48.4,Not Participating,NA,NA,NA,NA,NA
Richmond County Schools,74.51,District Wide,NA,NA,NA,NA,NA
Robeson County Schools,43.8,Some Schools,NA,NA,NA,NA,NA
Rockingham County Schools,40.21,Some Schools,NA,NA,NA,NA,NA
Rowan-Salisbury Schools,36.74,Some Schools,NA,NA,NA,NA,NA
Rutherford County Schools,45.31,District Wide,NA,NA,NA,NA,NA
Sampson County Schools,63.46,District Wide,NA,NA,NA,NA,NA
Clinton City Schools,66.68,District Wide,NA,NA,NA,NA,NA
Scotland County Schools,75.61,District Wide,NA,NA,NA,NA,NA
Stanly County Schools,33.96,Some Schools,NA,NA,NA,NA,NA
Stokes County Schools,29.61,Not Participating,NA,NA,NA,NA,NA
Surry County Schools,35.85,Some Schools,NA,NA,NA,NA,NA
Elkin City Schools,21.01,Not Participating,NA,NA,NA,NA,NA
Mount Airy City Schools,40.11,Not Participating,NA,NA,NA,NA,NA
Swain County Schools,34.37,Some Schools,NA,NA,NA,NA,NA
Transylvania County Schools,36.22,Not Participating,Not Participating,NA,NA,NA,NA
Tyrrell County Schools,38.94,District Wide,NA,NA,NA,NA,NA
Union County Public Schools,17.74,Some Schools,NA,NA,NA,NA,NA
Vance County Schools,64.85,District Wide,NA,NA,NA,NA,NA
Wake County Schools,17.63,Not Participating,NA,NA,NA,NA,NA
Warren County Schools,55.11,District Wide,NA,NA,NA,NA,NA
Washington County Schools,64.08,Some Schools,NA,NA,NA,NA,NA
Watauga County Schools,18.43,Not Participating,NA,NA,NA,NA,NA
Wayne County Public Schools,62.18,Some Schools,NA,NA,NA,NA,NA
Wilkes County Schools,36.05,Some Schools,NA,NA,NA,NA,NA
Wilson County Schools,42.49,Some Schools,NA,NA,NA,NA,NA
Yadkin County Schools,33.34,Not Participating,NA,NA,NA,NA,NA
Yancey County Schools,33.48,Not Participating,NA,NA,NA,NA,NA
Camp Lejeune Schools,10.87,Not Participating,NA,NA,NA,NA,NA
Fort Bragg,10.24,Not Participating,NA,NA,NA,NA,NA
Cherokee Central School,10.73,Not Participating,NA,NA,NA,NA,NA
NC Tarheel Challenge Academy,27.27,Not Participating,NA,NA,NA,NA,NA
Trinity Christian School,73.21,District Wide,NA,NA,NA,NA,NA
Marjorie Williams Academy,81.88,District Wide,NA,NA,NA,NA,NA
Cabarrus Charter Academy,17.02,Not Participating,NA,NA,NA,NA,NA
A.C.E. Academy,28.45,Not Participating,NA,NA,NA,NA,NA
Concord Lake STEAM Academy,10.76,Not Participating,NA,NA,NA,NA,NA
The Learning Center,43.09,District Wide,NA,NA,NA,NA,NA
Columbus Charter School,65.34,Not Participating,NA,NA,NA,NA,NA
Capitol Encore Academy,52.23,Not Participating,NA,NA,NA,NA,NA
Maureen Joy Charter,58.37,Not Participating,NA,NA,NA,NA,NA
Healthy Start Academy,70.07,District Wide,NA,NA,NA,NA,NA
Carter Community Charter,69.67,District Wide,NA,NA,NA,NA,NA
Research Triangle Charter,41.62,Not Participating,NA,NA,NA,NA,NA
Central Park School for Children,20.67,Not Participating,NA,NA,NA,NA,NA
Global Scholars Academy,63.05,Not Participating,NA,NA,NA,NA,NA
KIPP Durham College Preparatory,70.44,District Wide,NA,NA,NA,NA,NA
North East Carolina Preparatory School,29.23,Not Participating,NA,NA,NA,NA,NA
Quality Education Academy,66.29,District Wide,NA,NA,NA,NA,NA
C G Woodson Sch of Challenge,67.19,District Wide,NA,NA,NA,NA,NA
Forsyth Academy,48.64,Not Participating,NA,NA,NA,NA,NA
Mountain Island Charter School,7.39,Not Participating,NA,NA,NA,NA,NA
Guilford Preparatory,95.72,District Wide,NA,NA,NA,NA,NA
Triad Math & Science Academy,42.35,Not Participating,NA,NA,NA,NA,NA
The College Preparatory and Leadership Academy of High Point,62.43,District Wide,NA,NA,NA,NA,NA
Summerfield Charter Academy,7.86,Not Participating,NA,NA,NA,NA,NA
Gate City Charter Academy,35.65,Not Participating,NA,NA,NA,NA,NA
KIPP - Halifax College Preparatory,61.57,District Wide,NA,NA,NA,NA,NA
Success Institute Charter,60,District Wide,District Wide,NA,NA,NA,NA
Langtree Charter Academy,5.21,Not Participating,NA,NA,NA,NA,NA
Iredell Charter Academy,11.24,Not Participating,NA,NA,NA,NA,NA
Johnston Charter Academy,12.15,Not Participating,NA,NA,NA,NA,NA
Children's Village Academy,91.95,District Wide,NA,NA,NA,NA,NA
Sugar Creek Charter,53.43,Not Participating,NA,NA,NA,NA,NA
Queen's Grant Community,14.7,Not Participating,NA,NA,NA,NA,NA
KIPP Charlotte,59.56,District Wide,NA,NA,NA,NA,NA
Aristotle Preparatory Academy,72.47,District Wide,NA,NA,NA,NA,NA
Charlotte Choice Charter,59.09,Not Participating,NA,NA,NA,NA,NA
Charlotte Learning Academy,51.76,District Wide,NA,NA,NA,NA,NA
Mallard Creek STEM Academy,10.73,Not Participating,NA,NA,NA,NA,NA
Matthew's Charter Academy,13.11,Not Participating,NA,NA,NA,NA,NA
Movement Charter School,57.29,Not Participating,NA,NA,NA,NA,NA
UpROAR Leadership Academy,24.73,Not Participating,NA,NA,NA,NA,NA
Rocky Mount Preparatory,41.18,Not Participating,NA,NA,NA,NA,NA
Douglass Academy,85.58,District Wide,NA,NA,NA,NA,NA
Girls Leadership Academy of Wilmington,70.66,Not Participating,NA,NA,NA,NA,NA
Gaston College Preparatory,42.71,Some Schools,NA,NA,NA,NA,NA
Z.E.C.A. School of Art and Technology,78.08,District Wide,NA,NA,NA,NA,NA
Arapahoe Charter School,47.83,Not Participating,NA,NA,NA,NA,NA
Bethel Hill Charter,27.7,Not Participating,NA,NA,NA,NA,NA
Winterville Charter Academy,39.65,Not Participating,NA,NA,NA,NA,NA
CIS Academy,76.66,Not Participating,NA,NA,NA,NA,NA
Union Preparatory Academy,6.56,Not Participating,NA,NA,NA,NA,NA
Henderson Collegiate,37.12,District Wide,NA,NA,NA,NA,NA
Torchlight Academy,51.85,District Wide,NA,NA,NA,NA,NA
PreEminent Charter,50.8,Not Participating,NA,NA,NA,NA,NA
Hope Charter Leadership Academy,50,District Wide,NA,NA,NA,NA,NA
Wake Forest Charter Academy,3.21,Not Participating,NA,NA,NA,NA,NA
Cardinal Charter Academy,6.54,Not Participating,NA,NA,NA,NA,NA
Haliwa-Saponi Tribal School,68.51,District Wide,NA,NA,NA,NA,NA
PAVE Southeast Raleigh Charter School,47.77,District Wide,NA,NA,NA,NA,NA
Peak Charter Academy,2.91,Not Participating,NA,NA,NA,NA,NA
Rolesville Charter Academy,9.2,Not Participating,NA,NA,NA,NA,NA
Dillard Academy,89.23,District Wide,NA,NA,NA,NA,NA
Bridges Academy,48.14,District Wide,NA,NA,NA,NA,NA
Sallie B Howard School,61.2,District Wide,NA,NA,NA,NA,NA
Alamance-Burlington Schools,35.75,NA,Some Schools,NA,NA,NA,NA
Alexander County Schools,27.59,NA,Not Participating,NA,NA,NA,NA
Alleghany County Schools,39.73,NA,Not Participating,NA,NA,NA,NA
Anson County Schools,54.06,NA,District Wide,NA,NA,NA,NA
Ashe County Schools,34.56,NA,Not Participating,NA,NA,NA,NA
Avery County Schools,27.07,NA,Not Participating,NA,NA,NA,NA
Beaufort County Schools,40.14,NA,Some Schools,NA,NA,NA,NA
Bertie County Schools,65.34,NA,District Wide,NA,NA,NA,NA
Bladen County Schools,50.4,NA,District Wide,NA,NA,NA,NA
Brunswick County Schools,37.51,NA,District Wide,NA,NA,NA,NA
Buncombe County Schools,28.01,NA,Some Schools,NA,NA,NA,NA
Asheville City Schools,29.22,NA,Not Participating,NA,NA,NA,NA
Burke County Schools,57.68,NA,Not Participating,NA,NA,NA,NA
Cabarrus County Schools,21.24,NA,Some Schools,NA,NA,NA,NA
Kannapolis City Schools,45.24,NA,District Wide,NA,NA,NA,NA
Caldwell County Schools,33.96,NA,Some Schools,NA,NA,NA,NA
Camden County Schools,13.63,NA,Not Participating,NA,NA,NA,NA
Carteret County Public Schools,24.22,NA,Some Schools,NA,NA,NA,NA
Caswell County Schools,46.91,NA,Some Schools,NA,NA,NA,NA
Catawba County Schools,26.72,NA,Some Schools,NA,NA,NA,NA
Hickory City Schools,38.84,NA,Some Schools,NA,NA,NA,NA
Newton Conover City Schools,32.35,NA,Not Participating,NA,NA,NA,NA
Chatham County Schools,24.32,NA,Not Participating,NA,NA,NA,NA
Cherokee County Schools,34.75,NA,Some Schools,NA,NA,NA,NA
Edenton/Chowan Schools,45.92,NA,Not Participating,NA,NA,NA,NA
Clay County Schools,34.25,NA,Not Participating,NA,NA,NA,NA
Cleveland County Schools,49.14,NA,Some Schools,NA,NA,NA,NA
Columbus County Schools,46.56,NA,District Wide,NA,NA,NA,NA
Whiteville City Schools,49.93,NA,District Wide,NA,NA,NA,NA
Craven County Schools,32.13,NA,Some Schools,NA,NA,NA,NA
Cumberland County Schools,42.68,NA,Some Schools,NA,NA,NA,NA
Currituck County Schools,16.88,NA,Not Participating,NA,NA,NA,NA
Dare County Schools,21.28,NA,Not Participating,NA,NA,NA,NA
Davidson County Schools,25.93,NA,Not Participating,NA,NA,NA,NA
Lexington City Schools,56.81,NA,District Wide,NA,NA,NA,NA
Thomasville City Schools,65.22,NA,District Wide,NA,NA,NA,NA
Residential Schools,33.15,NA,District Wide,NA,NA,NA,NA
Davie County Schools,26.65,NA,Not Participating,NA,NA,NA,NA
Duplin County Schools,34.38,NA,District Wide,NA,NA,NA,NA
Durham Public Schools,34.67,NA,Some Schools,NA,NA,NA,NA
Edgecombe County Schools,49.35,NA,Some Schools,NA,NA,NA,NA
Forsyth County Schools,34.93,NA,Some Schools,NA,NA,NA,NA
Franklin County Schools,32.88,NA,Not Participating,NA,NA,NA,NA
Gaston County Schools,36.62,NA,Some Schools,NA,NA,NA,NA
Gates County Schools,35.25,NA,Not Participating,NA,NA,NA,NA
Graham County Schools,5.85,NA,Not Participating,NA,NA,NA,NA
Granville County Schools,27.73,NA,Not Participating,NA,NA,NA,NA
Greene County Schools,50.37,NA,District Wide,NA,NA,NA,NA
Guilford County Schools,39.1,NA,Some Schools,NA,NA,NA,NA
Halifax County Schools,56.42,NA,District Wide,NA,NA,NA,NA
Roanoke Rapids City Schools,60.25,NA,Not Participating,NA,NA,NA,NA
Weldon City Schools,76.44,NA,District Wide,NA,NA,NA,NA
Harnett County Schools,33.68,NA,Some Schools,NA,NA,NA,NA
Haywood County Schools,33.12,NA,Some Schools,NA,NA,NA,NA
Henderson County Schools,21.49,NA,Not Participating,NA,NA,NA,NA
Hertford County Schools,99.6,NA,District Wide,NA,NA,NA,NA
Hoke County Schools,37.43,NA,District Wide,NA,NA,NA,NA
Hyde County Schools,51.52,NA,District Wide,NA,NA,NA,NA
Iredell-Statesville Schools,18.61,NA,Not Participating,NA,NA,NA,NA
Mooresville Graded School District,16.9,NA,Not Participating,NA,NA,NA,NA
Jackson County Schools,31.93,NA,Some Schools,Some Schools,NA,NA,NA
Johnston County Schools,22.61,NA,Some Schools,NA,NA,NA,NA
Jones County Schools,63.86,NA,District Wide,NA,NA,NA,NA
Lee County Schools,35.06,NA,Not Participating,NA,NA,NA,NA
Lenoir County Public Schools,51.21,NA,District Wide,NA,NA,NA,NA
Lincoln County Schools,26.94,NA,Some Schools,NA,NA,NA,NA
Macon County Schools,28.84,NA,Some Schools,NA,NA,NA,NA
Madison County Schools,32.47,NA,Some Schools,NA,NA,NA,NA
Martin County Schools,48.69,NA,Some Schools,NA,NA,NA,NA
McDowell County Schools,40.93,NA,Not Participating,NA,NA,NA,NA
Charlotte-Mecklenburg Schools,28.93,NA,Some Schools,NA,NA,NA,NA
Mitchell County Schools,32.15,NA,Not Participating,NA,NA,NA,NA
Montgomery County Schools,36.6,NA,Not Participating,NA,NA,NA,NA
Moore County Schools,26.7,NA,Not Participating,NA,NA,NA,NA
Nash-Rocky Mount Schools,45.51,NA,Some Schools,Some Schools,NA,NA,NA
New Hanover County Schools,31.84,NA,Some Schools,NA,NA,NA,NA
Northampton County Schools,52.24,NA,District Wide,NA,NA,NA,NA
Onslow County Schools,27.28,NA,Some Schools,NA,NA,NA,NA
Orange County Schools,36.85,NA,Not Participating,NA,NA,NA,NA
Chapel Hill-Carrboro Schools,27.49,NA,Not Participating,NA,NA,NA,NA
Pamlico County Schools,34.27,NA,Some Schools,NA,NA,NA,NA
Pasquotank County Schools,49.84,NA,Some Schools,NA,NA,NA,NA
Pender County Schools,27.61,NA,Not Participating,NA,NA,NA,NA
Perquimans County Schools,39.76,NA,Not Participating,NA,NA,NA,NA
Person County Schools,44.34,NA,Some Schools,NA,NA,NA,NA
Pitt County Schools,41.2,NA,Some Schools,Some Schools,NA,NA,NA
Polk County Schools,34.48,NA,Some Schools,NA,NA,NA,NA
Randolph County Schools,32.83,NA,Some Schools,NA,NA,NA,NA
Asheboro City Schools,47.38,NA,Not Participating,NA,NA,NA,NA
Richmond County Schools,52.52,NA,District Wide,District Wide,NA,NA,NA
Robeson County Schools,54.67,NA,Some Schools,NA,NA,NA,NA
Rockingham County Schools,41.82,NA,Some Schools,NA,NA,NA,NA
Rowan-Salisbury Schools,35.89,NA,Some Schools,NA,NA,NA,NA
Rutherford County Schools,42.37,NA,District Wide,NA,NA,NA,NA
Sampson County Schools,46.81,NA,District Wide,NA,NA,NA,NA
Clinton City Schools,36.8,NA,District Wide,NA,NA,NA,NA
Scotland County Schools,60.1,NA,District Wide,NA,NA,NA,NA
Stanly County Schools,31.66,NA,Some Schools,NA,NA,NA,NA
Stokes County Schools,29.76,NA,Not Participating,NA,NA,NA,NA
Surry County Schools,35.39,NA,Some Schools,NA,NA,NA,NA
Elkin City Schools,19.87,NA,Not Participating,NA,NA,NA,NA
Mount Airy City Schools,39.17,NA,Not Participating,NA,NA,NA,NA
Swain County Schools,32.64,NA,Some Schools,NA,NA,NA,NA
Tyrrell County Schools,43.54,NA,District Wide,NA,NA,NA,NA
Union County Public Schools,16.48,NA,Some Schools,NA,NA,NA,NA
Vance County Schools,63.72,NA,District Wide,NA,NA,NA,NA
Wake County Schools,17.67,NA,Not Participating,NA,NA,NA,NA
Warren County Schools,56.84,NA,Some Schools,NA,NA,NA,NA
Washington County Schools,69.68,NA,District Wide,NA,NA,NA,NA
Watauga County Schools,17.66,NA,Not Participating,NA,NA,NA,NA
Wayne County Public Schools,42.11,NA,Some Schools,NA,NA,NA,NA
Wilkes County Schools,36.97,NA,Some Schools,NA,NA,NA,NA
Wilson County Schools,49.67,NA,Some Schools,NA,NA,NA,NA
Yadkin County Schools,28.32,NA,Not Participating,NA,NA,NA,NA
Yancey County Schools,32.15,NA,Not Participating,NA,NA,NA,NA
Camp Lejeune Schools,12.42,NA,Not Participating,NA,NA,NA,NA
Fort Bragg,2.21,NA,Not Participating,NA,NA,NA,NA
Cherokee Central School,0.31,NA,Not Participating,NA,NA,NA,NA
NC Tarheel Challenge Academy,21.49,NA,Not Participating,NA,NA,NA,NA
Tarheel Challenge Academy New London,0,NA,Not Participating,NA,NA,NA,NA
Trinity Christian School,47.02,NA,District Wide,District Wide,NA,NA,NA
NC Department of Public Safety - Div of Juvenile Justice,71.23,NA,Not Participating,NA,NA,NA,NA
Marjorie Williams Academy,81.89,NA,District Wide,NA,NA,NA,NA
Cabarrus Charter Academy,18.67,NA,Not Participating,NA,NA,NA,NA
A.C.E. Academy,28.46,NA,Not Participating,NA,NA,NA,NA
Concord Lake STEAM Academy,32.46,NA,Not Participating,NA,NA,NA,NA
The Learning Center,37.99,NA,District Wide,NA,NA,NA,NA
Columbus Charter School,44.93,NA,District Wide,NA,NA,NA,NA
Capitol Encore Academy,42.81,NA,Not Participating,NA,NA,NA,NA
Maureen Joy Charter,53.75,NA,Not Participating,NA,NA,NA,NA
Healthy Start Academy,57.43,NA,District Wide,NA,NA,NA,NA
Carter Community Charter,55.31,NA,District Wide,NA,NA,NA,NA
Research Triangle Charter,28.39,NA,Not Participating,NA,NA,NA,NA
Central Park School for Children,13.88,NA,Not Participating,NA,NA,NA,NA
Global Scholars Academy,48.08,NA,District Wide,NA,NA,NA,NA
KIPP Durham College Preparatory,50.84,NA,District Wide,NA,NA,NA,NA
North East Carolina Preparatory School,36.82,NA,Not Participating,NA,NA,NA,NA
Quality Education Academy,93.19,NA,District Wide,NA,NA,NA,NA
Carter G. Woodson School,69.64,NA,District Wide,NA,NA,NA,NA
Forsyth Academy,40.06,NA,Not Participating,NA,NA,NA,NA
Mountain Island Charter School,7.01,NA,Not Participating,NA,NA,NA,NA
Guilford Preparatory,50.74,NA,District Wide,NA,NA,NA,NA
Triad Math & Science Academy,37.47,NA,District Wide,NA,NA,NA,NA
Summerfield Charter Academy,5.81,NA,Not Participating,NA,NA,NA,NA
Gate City Charter Academy,25.39,NA,Not Participating,NA,NA,NA,NA
KIPP - Halifax College Preparatory,61.12,NA,District Wide,NA,NA,NA,NA
Langtree Charter Academy,5.31,NA,Not Participating,NA,NA,NA,NA
Iredell Charter Academy,18.38,NA,Not Participating,NA,NA,NA,NA
Johnston Charter Academy,7.24,NA,Not Participating,NA,NA,NA,NA
Children's Village Academy,72.32,NA,District Wide,NA,NA,NA,NA
Sugar Creek Charter,46.05,NA,Not Participating,NA,NA,NA,NA
Queen's Grant Community,12.85,NA,Not Participating,NA,NA,NA,NA
KIPP Charlotte,72.75,NA,District Wide,NA,NA,NA,NA
Aristotle Preparatory Academy,72.59,NA,District Wide,NA,NA,NA,NA
Eastside STREAM Academy,36.7,NA,Not Participating,NA,NA,NA,NA
Mallard Creek STEM Academy,35.59,NA,Not Participating,NA,NA,NA,NA
Matthew's Charter Academy,7.4,NA,Not Participating,NA,NA,NA,NA
Movement Charter School,53.39,NA,District Wide,NA,NA,NA,NA
UpROAR Leadership Academy,35.16,NA,Not Participating,NA,NA,NA,NA
Steele Creek Preparatory Academy,27.91,NA,Not Participating,NA,NA,NA,NA
Rocky Mount Preparatory,28.97,NA,Not Participating,NA,NA,NA,NA
Douglass Academy,63.72,NA,District Wide,NA,NA,NA,NA
Girls Leadership Academy of Wilmington,41.78,NA,District Wide,NA,NA,NA,NA
Gaston College Preparatory,36.72,NA,Not Participating,NA,NA,NA,NA
Z.E.C.A. School of Art and Technology,77.63,NA,District Wide,NA,NA,NA,NA
Arapahoe Charter School,50.29,NA,District Wide,NA,NA,NA,NA
Bethel Hill Charter,26.2,NA,Not Participating,NA,NA,NA,NA
Winterville Charter Academy,28.87,NA,Not Participating,NA,NA,NA,NA
CIS Academy,24.37,NA,Not Participating,NA,NA,NA,NA
Union Preparatory Academy,14.49,NA,Not Participating,NA,NA,NA,NA
Henderson Collegiate,51.02,NA,District Wide,NA,NA,NA,NA
Torchlight Academy,50.34,NA,District Wide,NA,NA,NA,NA
PreEminent Charter,41.17,NA,Not Participating,NA,NA,NA,NA
Wake Forest Charter Academy,2.78,NA,Not Participating,NA,NA,NA,NA
Cardinal Charter Academy,8.93,NA,Not Participating,NA,NA,NA,NA
Haliwa-Saponi Tribal School,69.18,NA,District Wide,NA,NA,NA,NA
PAVE Southeast Raleigh Charter School,62.43,NA,District Wide,NA,NA,NA,NA
Peak Charter Academy,1.89,NA,Not Participating,NA,NA,NA,NA
Rolesville Charter Academy,4.16,NA,Not Participating,NA,NA,NA,NA
Dillard Academy,79.27,NA,District Wide,NA,NA,NA,NA
Bridges Academy,38.02,NA,District Wide,NA,NA,NA,NA
Sallie B Howard School,63.77,NA,District Wide,NA,NA,NA,NA
Alamance-Burlington Schools,33.35,NA,NA,Some Schools,NA,NA,NA
Alexander County Schools,35.96,NA,NA,Not Participating,NA,NA,NA
Alleghany County Schools,39.45,NA,NA,Not Participating,NA,NA,NA
Anson County Schools,57.66,NA,NA,District Wide,NA,NA,NA
Ashe County Schools,35.04,NA,NA,Not Participating,NA,NA,NA
Avery County Schools,28.35,NA,NA,Not Participating,NA,NA,NA
Beaufort County Schools,46.9,NA,NA,Some Schools,NA,NA,NA
Bertie County Schools,59.19,NA,NA,District Wide,NA,NA,NA
Bladen County Schools,50.15,NA,NA,District Wide,NA,NA,NA
Brunswick County Schools,32.71,NA,NA,District Wide,NA,NA,NA
Buncombe County Schools,28.22,NA,NA,Some Schools,NA,NA,NA
Asheville City Schools,27.79,NA,NA,Not Participating,NA,NA,NA
Burke County Schools,53.11,NA,NA,Not Participating,NA,NA,NA
Cabarrus County Schools,23.47,NA,NA,Some Schools,NA,NA,NA
Kannapolis City Schools,53.41,NA,NA,Some Schools,NA,NA,NA
Caldwell County Schools,36.15,NA,NA,Some Schools,NA,NA,NA
Camden County Schools,13.19,NA,NA,Not Participating,NA,NA,NA
Carteret County Public Schools,22.43,NA,NA,Some Schools,NA,NA,NA
Caswell County Schools,48.52,NA,NA,Some Schools,NA,NA,NA
Catawba County Schools,26.48,NA,NA,Some Schools,NA,NA,NA
Hickory City Schools,40.24,NA,NA,Some Schools,NA,NA,NA
Newton Conover City Schools,33.01,NA,NA,Not Participating,NA,NA,NA
Chatham County Schools,24.31,NA,NA,Not Participating,NA,NA,NA
Cherokee County Schools,30.69,NA,NA,Some Schools,NA,NA,NA
Edenton/Chowan Schools,45.99,NA,NA,Not Participating,NA,NA,NA
Clay County Schools,31.36,NA,NA,Not Participating,NA,NA,NA
Cleveland County Schools,52,NA,NA,Some Schools,NA,NA,NA
Columbus County Schools,46.25,NA,NA,District Wide,NA,NA,NA
Whiteville City Schools,51.26,NA,NA,District Wide,NA,NA,NA
Craven County Schools,33.23,NA,NA,Some Schools,NA,NA,NA
Cumberland County Schools,41.46,NA,NA,Some Schools,NA,NA,NA
Currituck County Schools,16.34,NA,NA,Not Participating,NA,NA,NA
Dare County Schools,18.79,NA,NA,Not Participating,NA,NA,NA
Davidson County Schools,30.26,NA,NA,Not Participating,NA,NA,NA
Lexington City Schools,58.56,NA,NA,District Wide,NA,NA,NA
Thomasville City Schools,67.65,NA,NA,District Wide,NA,NA,NA
Residential Schools,39.35,NA,NA,District Wide,NA,NA,NA
Davie County Schools,33.4,NA,NA,Not Participating,NA,NA,NA
Duplin County Schools,39.29,NA,NA,District Wide,NA,NA,NA
Durham Public Schools,35.94,NA,NA,Some Schools,NA,NA,NA
Edgecombe County Schools,49.78,NA,NA,Some Schools,NA,NA,NA
Forsyth County Schools,38.61,NA,NA,Some Schools,NA,NA,NA
Franklin County Schools,37.07,NA,NA,Not Participating,NA,NA,NA
Gaston County Schools,37.35,NA,NA,Some Schools,NA,NA,NA
Gates County Schools,35.04,NA,NA,Not Participating,NA,NA,NA
Graham County Schools,31.76,NA,NA,Not Participating,NA,NA,NA
Granville County Schools,48.35,NA,NA,Not Participating,NA,NA,NA
Greene County Schools,58.29,NA,NA,District Wide,NA,NA,NA
Guilford County Schools,38.88,NA,NA,Some Schools,NA,NA,NA
Halifax County Schools,74.74,NA,NA,Some Schools,NA,NA,NA
Roanoke Rapids City Schools,58.07,NA,NA,Not Participating,NA,NA,NA
Weldon City Schools,78.85,NA,NA,District Wide,NA,NA,NA
Harnett County Schools,40.79,NA,NA,Some Schools,NA,NA,NA
Haywood County Schools,32.71,NA,NA,Some Schools,NA,NA,NA
Henderson County Schools,27.17,NA,NA,Not Participating,NA,NA,NA
Hertford County Schools,98.01,NA,NA,District Wide,NA,NA,NA
Hoke County Schools,34.78,NA,NA,District Wide,NA,NA,NA
Hyde County Schools,52.53,NA,NA,District Wide,NA,NA,NA
Iredell-Statesville Schools,20.94,NA,NA,Not Participating,NA,NA,NA
Mooresville Graded School District,18.93,NA,NA,Not Participating,NA,NA,NA
Johnston County Schools,25.49,NA,NA,Some Schools,NA,NA,NA
Jones County Schools,48.84,NA,NA,District Wide,NA,NA,NA
Lee County Schools,38.74,NA,NA,Not Participating,NA,NA,NA
Lenoir County Public Schools,50.39,NA,NA,District Wide,NA,NA,NA
Lincoln County Schools,25.82,NA,NA,Some Schools,NA,NA,NA
Macon County Schools,27.16,NA,NA,Some Schools,NA,NA,NA
Madison County Schools,32.03,NA,NA,Some Schools,NA,NA,NA
Martin County Schools,53.72,NA,NA,Some Schools,NA,NA,NA
McDowell County Schools,42.09,NA,NA,Not Participating,NA,NA,NA
Charlotte-Mecklenburg Schools,29.9,NA,NA,Some Schools,NA,NA,NA
Mitchell County Schools,34.17,NA,NA,Not Participating,NA,NA,NA
Montgomery County Schools,39.02,NA,NA,Not Participating,NA,NA,NA
Moore County Schools,27.21,NA,NA,Not Participating,NA,NA,NA
New Hanover County Schools,29.49,NA,NA,Some Schools,NA,NA,NA
Northampton County Schools,64.81,NA,NA,District Wide,NA,NA,NA
Onslow County Schools,26.91,NA,NA,Some Schools,NA,NA,NA
Orange County Schools,21.58,NA,NA,Not Participating,NA,NA,NA
Chapel Hill-Carrboro Schools,23.39,NA,NA,Not Participating,NA,NA,NA
Pamlico County Schools,38.68,NA,NA,Some Schools,NA,NA,NA
Pasquotank County Schools,48.98,NA,NA,Some Schools,NA,NA,NA
Pender County Schools,29.68,NA,NA,Not Participating,NA,NA,NA
Perquimans County Schools,37.24,NA,NA,Not Participating,NA,NA,NA
Person County Schools,46.63,NA,NA,Some Schools,NA,NA,NA
Polk County Schools,35.26,NA,NA,Some Schools,NA,NA,NA
Randolph County Schools,34.17,NA,NA,Some Schools,NA,NA,NA
Asheboro City Schools,68.74,NA,NA,Not Participating,NA,NA,NA
Robeson County Schools,57.95,NA,NA,Some Schools,NA,NA,NA
Rockingham County Schools,41.64,NA,NA,Some Schools,NA,NA,NA
Rowan-Salisbury Schools,36.17,NA,NA,Some Schools,NA,NA,NA
Rutherford County Schools,46.25,NA,NA,District Wide,NA,NA,NA
Sampson County Schools,49.06,NA,NA,District Wide,NA,NA,NA
Clinton City Schools,54.49,NA,NA,District Wide,NA,NA,NA
Scotland County Schools,59.7,NA,NA,District Wide,NA,NA,NA
Stanly County Schools,33.05,NA,NA,Some Schools,NA,NA,NA
Stokes County Schools,35.71,NA,NA,Not Participating,NA,NA,NA
Surry County Schools,41.2,NA,NA,Some Schools,NA,NA,NA
Elkin City Schools,21.07,NA,NA,Not Participating,NA,NA,NA
Mount Airy City Schools,38.91,NA,NA,Not Participating,NA,NA,NA
Swain County Schools,30.79,NA,NA,Some Schools,NA,NA,NA
Transylvania County Schools,33.9,NA,NA,Not Participating,NA,NA,NA
Tyrrell County Schools,38.75,NA,NA,District Wide,NA,NA,NA
Union County Public Schools,16.52,NA,NA,Some Schools,NA,NA,NA
Vance County Schools,72.09,NA,NA,District Wide,NA,NA,NA
Wake County Schools,27.12,NA,NA,Not Participating,NA,NA,NA
Warren County Schools,65.29,NA,NA,Some Schools,NA,NA,NA
Washington County Schools,83.68,NA,NA,District Wide,NA,NA,NA
Watauga County Schools,17.33,NA,NA,Not Participating,NA,NA,NA
Wayne County Public Schools,41.59,NA,NA,Some Schools,NA,NA,NA
Wilkes County Schools,34.67,NA,NA,Some Schools,NA,NA,NA
Wilson County Schools,34.17,NA,NA,District Wide,NA,NA,NA
Yadkin County Schools,30.66,NA,NA,Not Participating,NA,NA,NA
Yancey County Schools,32.94,NA,NA,Not Participating,NA,NA,NA
Camp Lejeune Schools,0.41,NA,NA,Not Participating,NA,NA,NA
Fort Bragg,1.79,NA,NA,Not Participating,NA,NA,NA
Cherokee Central School,0,NA,NA,Not Participating,Not Participating,NA,NA
NC Tarheel Challenge Academy,45,NA,NA,Not Participating,NA,NA,NA
Tarheel Challenge Academy New London,100,NA,NA,Not Participating,NA,NA,NA
Marjorie Williams Academy,85.57,NA,NA,District Wide,NA,NA,NA
Cabarrus Charter Academy,24.7,NA,NA,Not Participating,NA,NA,NA
A.C.E. Academy,40.91,NA,NA,Not Participating,NA,NA,NA
Concord Lake STEAM Academy,40,NA,NA,Not Participating,NA,NA,NA
The Learning Center,43.75,NA,NA,District Wide,NA,NA,NA
Classical Charter Schools of Whiteville,40.59,NA,NA,District Wide,NA,NA,NA
Capitol Encore Academy,35.68,NA,NA,Not Participating,NA,NA,NA
Maureen Joy Charter,71.7,NA,NA,Not Participating,NA,NA,NA
Healthy Start Academy,72.24,NA,NA,District Wide,NA,NA,NA
Carter Community Charter,71.3,NA,NA,District Wide,NA,NA,NA
Research Triangle Charter,34.91,NA,NA,Not Participating,NA,NA,NA
Central Park School for Children,19.6,NA,NA,Not Participating,NA,NA,NA
Global Scholars Academy,56.19,NA,NA,District Wide,NA,NA,NA
KIPP Durham College Preparatory,52.05,NA,NA,District Wide,NA,NA,NA
North East Carolina Preparatory School,42.47,NA,NA,Not Participating,NA,NA,NA
Quality Education Academy,93.42,NA,NA,District Wide,NA,NA,NA
Carter G. Woodson School,82.01,NA,NA,District Wide,NA,NA,NA
Forsyth Academy,50.14,NA,NA,Not Participating,NA,NA,NA
Mountain Island Charter School,14.42,NA,NA,Not Participating,NA,NA,NA
Ridgeview Charter School,62.57,NA,NA,Not Participating,NA,NA,NA
Guilford Preparatory,60.45,NA,NA,District Wide,NA,NA,NA
Triad Math & Science Academy,53.18,NA,NA,District Wide,NA,NA,NA
Summerfield Charter Academy,7.44,NA,NA,Not Participating,NA,NA,NA
Gate City Charter Academy,52.55,NA,NA,Not Participating,NA,NA,NA
Next Generation Academy,63.32,NA,NA,Not Participating,NA,NA,NA
KIPP - Halifax College Preparatory,67.23,NA,NA,District Wide,NA,NA,NA
Success Institute Charter,70.65,NA,NA,District Wide,NA,NA,NA
Langtree Charter Academy,6.71,NA,NA,Not Participating,NA,NA,NA
Iredell Charter Academy,24.27,NA,NA,Not Participating,NA,NA,NA
Johnston Charter Academy,14.77,NA,NA,Not Participating,NA,NA,NA
MINA Charter School of Lee County,53.11,NA,NA,Not Participating,NA,NA,NA
Children's Village Academy,82.94,NA,NA,District Wide,NA,NA,NA
Sugar Creek Charter,53.8,NA,NA,Not Participating,NA,NA,NA
Queen's Grant Community,16.51,NA,NA,Not Participating,NA,NA,NA
KIPP Charlotte,76.78,NA,NA,District Wide,NA,NA,NA
Aristotle Preparatory Academy,75.86,NA,NA,District Wide,NA,NA,NA
Eastside STREAM Academy,88.12,NA,NA,Not Participating,NA,NA,NA
Queen City STEM School,0,NA,NA,Not Participating,NA,NA,NA
Mallard Creek STEM Academy,30.43,NA,NA,Not Participating,NA,NA,NA
Matthew's Charter Academy,23.77,NA,NA,Not Participating,NA,NA,NA
Movement Charter School,92.87,NA,NA,District Wide,NA,NA,NA
UpROAR Leadership Academy,80.58,NA,NA,Not Participating,NA,NA,NA
Steele Creek Preparatory Academy,39.08,NA,NA,Not Participating,NA,NA,NA
Southwest Charlotte STEM Academy,10.48,NA,NA,Not Participating,NA,NA,NA
Movement School Eastland,41.21,NA,NA,Not Participating,NA,NA,NA
Rocky Mount Preparatory,60,NA,NA,Not Participating,NA,NA,NA
Classical Charter Schools of Wilmington,63.71,NA,NA,District Wide,NA,NA,NA
Girls Leadership Academy of Wilmington,54.97,NA,NA,District Wide,NA,NA,NA
Gaston College Preparatory,61.3,NA,NA,Not Participating,NA,NA,NA
Z.E.C.A. School of Art and Technology,89.35,NA,NA,District Wide,NA,NA,NA
Arapahoe Charter School,36.34,NA,NA,District Wide,NA,NA,NA
Bethel Hill Charter,34.65,NA,NA,Not Participating,NA,NA,NA
Winterville Charter Academy,45.41,NA,NA,Not Participating,NA,NA,NA
CIS Academy,29.81,NA,NA,Not Participating,NA,NA,NA
Union Preparatory Academy,19.66,NA,NA,Not Participating,NA,NA,NA
Henderson Collegiate,63.81,NA,NA,District Wide,District Wide,NA,NA
Torchlight Academy,42.17,NA,NA,District Wide,NA,NA,NA
PreEminent Charter,50.92,NA,NA,Not Participating,NA,NA,NA
Wake Forest Charter Academy,9.92,NA,NA,Not Participating,NA,NA,NA
Cardinal Charter Academy,12.88,NA,NA,Not Participating,NA,NA,NA
Haliwa-Saponi Tribal School,75,NA,NA,District Wide,NA,NA,NA
RISE Southeast Raleigh Charter School,77.62,NA,NA,District Wide,NA,NA,NA
Peak Charter Academy,4.41,NA,NA,Not Participating,NA,NA,NA
Rolesville Charter Academy,10.5,NA,NA,Not Participating,NA,NA,NA
Cardinal Charter Academy at Wendell Falls,16.32,NA,NA,Not Participating,NA,NA,NA
Dillard Academy,96.95,NA,NA,District Wide,NA,NA,NA
Bridges Academy,79.67,NA,NA,District Wide,NA,NA,NA
Sallie B Howard School,59.23,NA,NA,District Wide,NA,NA,NA
Wilson Preparatory Academy,34.62,NA,NA,Not Participating,NA,NA,NA
Alamance-Burlington Schools,32.91,NA,NA,NA,Some Schools,NA,NA
Alexander County Schools,34.35,NA,NA,NA,Not Participating,NA,NA
Alleghany County Schools,41.14,NA,NA,NA,Not Participating,NA,NA
Anson County Schools,59.85,NA,NA,NA,District Wide,NA,NA
Ashe County Schools,35.57,NA,NA,NA,Not Participating,NA,NA
Avery County Schools,29.18,NA,NA,NA,Not Participating,NA,NA
Beaufort County Schools,46.7,NA,NA,NA,Some Schools,NA,NA
Bertie County Schools,62.28,NA,NA,NA,District Wide,NA,NA
Bladen County Schools,53.33,NA,NA,NA,District Wide,NA,NA
Brunswick County Schools,37.03,NA,NA,NA,District Wide,NA,NA
Buncombe County Schools,30.48,NA,NA,NA,Some Schools,NA,NA
Asheville City Schools,28.23,NA,NA,NA,Not Participating,NA,NA
Burke County Schools,33.41,NA,NA,NA,Not Participating,NA,NA
Cabarrus County Schools,24.84,NA,NA,NA,Some Schools,NA,NA
Kannapolis City Schools,58.42,NA,NA,NA,District Wide,NA,NA
Caldwell County Schools,34.7,NA,NA,NA,Some Schools,NA,NA
Camden County Schools,13.99,NA,NA,NA,Not Participating,NA,NA
Carteret County Public Schools,21.85,NA,NA,NA,Some Schools,NA,NA
Caswell County Schools,52.49,NA,NA,NA,Some Schools,NA,NA
Catawba County Schools,28.39,NA,NA,NA,Not Participating,NA,NA
Hickory City Schools,43.31,NA,NA,NA,Some Schools,NA,NA
Newton Conover City Schools,32.87,NA,NA,NA,Not Participating,NA,NA
Chatham County Schools,22.88,NA,NA,NA,Not Participating,NA,NA
Cherokee County Schools,38.65,NA,NA,NA,Some Schools,NA,NA
Edenton/Chowan Schools,48.13,NA,NA,NA,Not Participating,NA,NA
Clay County Schools,30.48,NA,NA,NA,Not Participating,NA,NA
Cleveland County Schools,48.17,NA,NA,NA,Some Schools,NA,NA
Columbus County Schools,53.02,NA,NA,NA,District Wide,NA,NA
Whiteville City Schools,53.36,NA,NA,NA,District Wide,NA,NA
Craven County Schools,33.21,NA,NA,NA,Some Schools,NA,NA
Cumberland County Schools,42.34,NA,NA,NA,Some Schools,NA,NA
Currituck County Schools,15.64,NA,NA,NA,Not Participating,NA,NA
Dare County Schools,18.82,NA,NA,NA,Not Participating,NA,NA
Davidson County Schools,27.82,NA,NA,NA,Not Participating,NA,NA
Lexington City Schools,62.25,NA,NA,NA,District Wide,NA,NA
Thomasville City Schools,61.34,NA,NA,NA,District Wide,NA,NA
Residential Schools,44.25,NA,NA,NA,District Wide,NA,NA
Davie County Schools,31.75,NA,NA,NA,Not Participating,NA,NA
Duplin County Schools,70.22,NA,NA,NA,District Wide,NA,NA
Durham Public Schools,37.17,NA,NA,NA,Some Schools,NA,NA
Edgecombe County Schools,58.38,NA,NA,NA,Some Schools,NA,NA
Forsyth County Schools,44.85,NA,NA,NA,Some Schools,NA,NA
Franklin County Schools,41.74,NA,NA,NA,Not Participating,NA,NA
Gaston County Schools,37.62,NA,NA,NA,Some Schools,NA,NA
Gates County Schools,33.13,NA,NA,NA,Not Participating,NA,NA
Graham County Schools,37.74,NA,NA,NA,Not Participating,NA,NA
Granville County Schools,34.86,NA,NA,NA,Not Participating,NA,NA
Greene County Schools,53.14,NA,NA,NA,District Wide,NA,NA
Guilford County Schools,41.1,NA,NA,NA,Some Schools,NA,NA
Halifax County Schools,65.24,NA,NA,NA,District Wide,NA,NA
Roanoke Rapids City Schools,58.79,NA,NA,NA,Not Participating,NA,NA
Weldon City Schools,76.05,NA,NA,NA,District Wide,NA,NA
Harnett County Schools,32.28,NA,NA,NA,Some Schools,NA,NA
Haywood County Schools,36.07,NA,NA,NA,Some Schools,NA,NA
Henderson County Schools,26.5,NA,NA,NA,Not Participating,NA,NA
Hertford County Schools,70.2,NA,NA,NA,District Wide,NA,NA
Hoke County Schools,44.01,NA,NA,NA,District Wide,NA,NA
Hyde County Schools,58.17,NA,NA,NA,District Wide,NA,NA
Iredell-Statesville Schools,19.66,NA,NA,NA,Not Participating,NA,NA
Mooresville Graded School District,20.37,NA,NA,NA,Not Participating,NA,NA
Jackson County Schools,32.02,NA,NA,NA,Some Schools,NA,NA
Johnston County Schools,25.88,NA,NA,NA,Some Schools,NA,NA
Jones County Schools,48.98,NA,NA,NA,District Wide,NA,NA
Lee County Schools,36.84,NA,NA,NA,Not Participating,NA,NA
Lenoir County Public Schools,51.45,NA,NA,NA,District Wide,NA,NA
Lincoln County Schools,25.71,NA,NA,NA,Some Schools,NA,NA
Macon County Schools,27.28,NA,NA,NA,Some Schools,NA,NA
Madison County Schools,37.09,NA,NA,NA,Some Schools,NA,NA
Martin County Schools,62.41,NA,NA,NA,District Wide,NA,NA
McDowell County Schools,38.75,NA,NA,NA,Not Participating,NA,NA
Charlotte-Mecklenburg Schools,30.21,NA,NA,NA,Some Schools,NA,NA
Mitchell County Schools,35.38,NA,NA,NA,Not Participating,NA,NA
Montgomery County Schools,39.75,NA,NA,NA,Not Participating,NA,NA
Moore County Schools,26.95,NA,NA,NA,Not Participating,NA,NA
Nash-Rocky Mount Schools,42.77,NA,NA,NA,Some Schools,NA,NA
New Hanover County Schools,30.66,NA,NA,NA,Some Schools,NA,NA
Northampton County Schools,58.7,NA,NA,NA,District Wide,NA,NA
Onslow County Schools,25.98,NA,NA,NA,Some Schools,NA,NA
Orange County Schools,28.82,NA,NA,NA,Not Participating,NA,NA
Chapel Hill-Carrboro Schools,22.49,NA,NA,NA,Not Participating,NA,NA
Pamlico County Schools,36.6,NA,NA,NA,Some Schools,NA,NA
Pasquotank County Schools,52.65,NA,NA,NA,Some Schools,NA,NA
Pender County Schools,23.86,NA,NA,NA,Not Participating,NA,NA
Perquimans County Schools,35.92,NA,NA,NA,Not Participating,NA,NA
Person County Schools,48.08,NA,NA,NA,Some Schools,NA,NA
Pitt County Schools,40.81,NA,NA,NA,Some Schools,NA,NA
Polk County Schools,33.91,NA,NA,NA,Some Schools,NA,NA
Randolph County Schools,33.62,NA,NA,NA,Some Schools,NA,NA
Asheboro City Schools,45.1,NA,NA,NA,Not Participating,NA,NA
Richmond County Schools,61.82,NA,NA,NA,District Wide,NA,NA
Robeson County Schools,63.74,NA,NA,NA,Some Schools,NA,NA
Rockingham County Schools,48.76,NA,NA,NA,Some Schools,NA,NA
Rowan-Salisbury Schools,36.52,NA,NA,NA,Some Schools,NA,NA
Rutherford County Schools,46.74,NA,NA,NA,District Wide,NA,NA
Sampson County Schools,50.43,NA,NA,NA,District Wide,NA,NA
Clinton City Schools,48.8,NA,NA,NA,District Wide,NA,NA
Scotland County Schools,63.64,NA,NA,NA,District Wide,NA,NA
Stanly County Schools,36.04,NA,NA,NA,Some Schools,NA,NA
Stokes County Schools,33.38,NA,NA,NA,Not Participating,NA,NA
Surry County Schools,35.55,NA,NA,NA,Some Schools,NA,NA
Elkin City Schools,19.62,NA,NA,NA,Not Participating,NA,NA
Mount Airy City Schools,40.56,NA,NA,NA,Some Schools,NA,NA
Swain County Schools,31.5,NA,NA,NA,Some Schools,NA,NA
Transylvania County Schools,36.82,NA,NA,NA,Not Participating,NA,NA
Tyrrell County Schools,43.5,NA,NA,NA,District Wide,NA,NA
Union County Public Schools,16.35,NA,NA,NA,Some Schools,NA,NA
Vance County Schools,71.31,NA,NA,NA,District Wide,NA,NA
Wake County Schools,19.44,NA,NA,NA,Some Schools,NA,NA
Warren County Schools,65.25,NA,NA,NA,District Wide,NA,NA
Washington County Schools,70.49,NA,NA,NA,District Wide,NA,NA
Watauga County Schools,15.45,NA,NA,NA,Not Participating,NA,NA
Wayne County Public Schools,42.26,NA,NA,NA,Some Schools,NA,NA
Wilkes County Schools,36.62,NA,NA,NA,Some Schools,NA,NA
Wilson County Schools,52.68,NA,NA,NA,Not Participating,NA,NA
Yadkin County Schools,24.48,NA,NA,NA,Not Participating,NA,NA
Yancey County Schools,33.79,NA,NA,NA,Not Participating,NA,NA
Camp Lejeune Schools,0.12,NA,NA,NA,Not Participating,NA,NA
Fort Bragg,1.89,NA,NA,NA,Not Participating,NA,NA
NC Tarheel Challenge Academy,100,NA,NA,NA,Not Participating,NA,NA
Tarheel Challenge Academy New London,45,NA,NA,NA,Not Participating,NA,NA
Trinity Christian School,72.63,NA,NA,NA,District Wide,NA,NA
Greensboro Islamic Academy,55.38,NA,NA,NA,Not Participating,NA,NA
Marjorie Williams Academy,91.11,NA,NA,NA,District Wide,NA,NA
Cabarrus Charter Academy,31.36,NA,NA,NA,Not Participating,NA,NA
A.C.E. Academy,42.63,NA,NA,NA,Not Participating,NA,NA
Concord Lake STEAM Academy,39.19,NA,NA,NA,Not Participating,NA,NA
Classical Charter Schools of Whiteville,43.73,NA,NA,NA,Not Participating,NA,NA
Alpha Academy,45.68,NA,NA,NA,Not Participating,NA,NA
Capitol Encore Academy,37.39,NA,NA,NA,Not Participating,NA,NA
Maureen Joy Charter,59.56,NA,NA,NA,Not Participating,NA,NA
Durham Charter School,73.63,NA,NA,NA,District Wide,NA,NA
Community School of Digital and Visual Arts (CSDVA),82.11,NA,NA,NA,District Wide,NA,NA
Kestrel Heights Charter School,45.66,NA,NA,NA,Not Participating,NA,NA
Research Triangle Charter,49.39,NA,NA,NA,Not Participating,NA,NA
Central Park School for Children,23.93,NA,NA,NA,Not Participating,NA,NA
Voyager Academy,13.6,NA,NA,NA,Not Participating,NA,NA
Global Scholars Academy,55.61,NA,NA,NA,District Wide,NA,NA
KIPP Durham College Preparatory,49.38,NA,NA,NA,District Wide,NA,NA
North East Carolina Preparatory School,44.52,NA,NA,NA,Not Participating,NA,NA
Quality Education Academy,96.31,NA,NA,NA,District Wide,NA,NA
Carter G. Woodson School,68.91,NA,NA,NA,District Wide,NA,NA
Forsyth Academy,75.69,NA,NA,NA,Not Participating,NA,NA
Mountain Island Charter School,12.14,NA,NA,NA,Not Participating,NA,NA
Ridgeview Charter School,72.17,NA,NA,NA,District Wide,NA,NA
Guilford Preparatory,75.16,NA,NA,NA,District Wide,NA,NA
Triad Math & Science Academy,54.57,NA,NA,NA,District Wide,NA,NA
The College Preparatory and Leadership Academy of High Point,68.32,NA,NA,NA,Not Participating,NA,NA
Summerfield Charter Academy,7.83,NA,NA,NA,Not Participating,NA,NA
Gate City Charter Academy,75.23,NA,NA,NA,Not Participating,NA,NA
Next Generation Academy,88.5,NA,NA,NA,Not Participating,NA,NA
Summit Creek Academy,50.89,NA,NA,NA,Not Participating,NA,NA
KIPP - Halifax College Preparatory,69.9,NA,NA,NA,District Wide,NA,NA
Success Institute Charter,67.47,NA,NA,NA,District Wide,NA,NA
Langtree Charter Academy,9.73,NA,NA,NA,Not Participating,NA,NA
Iredell Charter Academy,24.14,NA,NA,NA,Not Participating,NA,NA
Johnston Charter Academy,20.13,NA,NA,NA,Not Participating,NA,NA
MINA Charter School of Lee County,69.8,NA,NA,NA,Not Participating,NA,NA
Children's Village Academy,78.57,NA,NA,NA,District Wide,NA,NA
West Lake Preparatory Academy,14.5,NA,NA,NA,Not Participating,NA,NA
Sugar Creek Charter,66.86,NA,NA,NA,District Wide,NA,NA
Queen's Grant Community,37.88,NA,NA,NA,Not Participating,NA,NA
KIPP Charlotte,60.98,NA,NA,NA,District Wide,NA,NA
Aristotle Preparatory Academy,96.67,NA,NA,NA,Not Participating,NA,NA
Charlotte Lab School,24.19,NA,NA,NA,Not Participating,NA,NA
Queen City STEM School,31.36,NA,NA,NA,Not Participating,NA,NA
Mallard Creek STEM Academy,35.85,NA,NA,NA,Not Participating,NA,NA
Matthew's Charter Academy,35.99,NA,NA,NA,Not Participating,NA,NA
Movement Charter School,78.74,NA,NA,NA,District Wide,NA,NA
Steele Creek Preparatory Academy,41.76,NA,NA,NA,Not Participating,NA,NA
Southwest Charlotte STEM Academy,25.39,NA,NA,NA,Not Participating,NA,NA
Movement School Eastland,56.49,NA,NA,NA,District Wide,NA,NA
Telra Institute,1.71,NA,NA,NA,Not Participating,NA,NA
Rocky Mount Preparatory,64.4,NA,NA,NA,District Wide,NA,NA
Classical Charter Schools of Wilmington,50.96,NA,NA,NA,District Wide,NA,NA
Girls Leadership Academy of Wilmington,69.53,NA,NA,NA,District Wide,NA,NA
Gaston College Preparatory,57.77,NA,NA,NA,District Wide,NA,NA
Z.E.C.A. School of Art and Technology,75.41,NA,NA,NA,District Wide,NA,NA
Arapahoe Charter School,36.78,NA,NA,NA,Not Participating,NA,NA
Northeast Academy for Aerospace and Advanced Technologies,0,NA,NA,NA,Not Participating,NA,NA
Bethel Hill Charter,31.25,NA,NA,NA,Not Participating,NA,NA
Winterville Charter Academy,72.17,NA,NA,NA,Not Participating,NA,NA
CIS Academy,53.85,NA,NA,NA,Not Participating,NA,NA
Union Preparatory Academy,17.43,NA,NA,NA,Not Participating,NA,NA
PreEminent Charter,67.57,NA,NA,NA,Not Participating,NA,NA
Wake Forest Charter Academy,13,NA,NA,NA,Not Participating,NA,NA
Cardinal Charter Academy,12.38,NA,NA,NA,Not Participating,NA,NA
Haliwa-Saponi Tribal School,72.9,NA,NA,NA,District Wide,NA,NA
RISE Southeast Raleigh Charter School,63.9,NA,NA,NA,District Wide,NA,NA
Peak Charter Academy,6.73,NA,NA,NA,Not Participating,NA,NA
Rolesville Charter Academy,23.96,NA,NA,NA,Not Participating,NA,NA
Cardinal Charter Academy at Wendell Falls,21.42,NA,NA,NA,Not Participating,NA,NA
Dillard Academy,83.12,NA,NA,NA,District Wide,NA,NA
Sallie B Howard School,62.59,NA,NA,NA,District Wide,NA,NA
Wilson Preparatory Academy,35.49,NA,NA,NA,Not Participating,NA,NA
Alamance-Burlington Schools,53.53,NA,NA,NA,NA,Some Schools,NA
Alexander County Schools,50.61,NA,NA,NA,NA,Not Participating,District Wide
Alleghany County Schools,51.79,NA,NA,NA,NA,Not Participating,NA
Anson County Schools,72.93,NA,NA,NA,NA,District Wide,NA
Ashe County Schools,50.68,NA,NA,NA,NA,Not Participating,NA
Avery County Schools,52.53,NA,NA,NA,NA,Not Participating,NA
Marjorie Williams Academy,89.89,NA,NA,NA,NA,District Wide,NA
Beaufort County Schools,60.21,NA,NA,NA,NA,Some Schools,NA
Bertie County Schools,75.45,NA,NA,NA,NA,District Wide,NA
Bladen County Schools,65.91,NA,NA,NA,NA,District Wide,NA
Paul R. Brown Leadership Academy,79.01,NA,NA,NA,NA,Not Participating,NA
Brunswick County Schools,50.01,NA,NA,NA,NA,District Wide,NA
Camp Lejeune Schools,2.54,NA,NA,NA,NA,Not Participating,NA
Fort Bragg,2.71,NA,NA,NA,NA,Not Participating,NA
NC Tarheel Challenge Academy,48.08,NA,NA,NA,NA,Not Participating,NA
Tarheel Challenge Academy New London,69.74,NA,NA,NA,NA,Not Participating,NA
Trinity Christian School,73.62,NA,NA,NA,NA,District Wide,NA
Greensboro Islamic Academy,74.63,NA,NA,NA,NA,Not Participating,NA
Buncombe County Schools,62.04,NA,NA,NA,NA,Some Schools,NA
Asheville City Schools,43.59,NA,NA,NA,NA,Not Participating,NA
Burke County Schools,56.66,NA,NA,NA,NA,Not Participating,NA
Cabarrus County Schools,34.33,NA,NA,NA,NA,Some Schools,NA
Kannapolis City Schools,62.03,NA,NA,NA,NA,District Wide,NA
Cabarrus Charter Academy,48.66,NA,NA,NA,NA,Not Participating,NA
A.C.E. Academy,63.73,NA,NA,NA,NA,Not Participating,NA
Concord Lake STEAM Academy,55.27,NA,NA,NA,NA,Not Participating,NA
Caldwell County Schools,56.8,NA,NA,NA,NA,Some Schools,NA
Camden County Schools,21.92,NA,NA,NA,NA,Not Participating,NA
Carteret County Public Schools,37.31,NA,NA,NA,NA,Some Schools,NA
Caswell County Schools,65.35,NA,NA,NA,NA,Some Schools,NA
Catawba County Schools,44.11,NA,NA,NA,NA,Not Participating,NA
Hickory City Schools,57.3,NA,NA,NA,NA,Some Schools,NA
Newton Conover City Schools,50.7,NA,NA,NA,NA,Not Participating,NA
Chatham County Schools,32.4,NA,NA,NA,NA,Not Participating,NA
Chatham Charter School,23.02,NA,NA,NA,NA,Not Participating,NA
Cherokee County Schools,55.64,NA,NA,NA,NA,Some Schools,NA
Edenton/Chowan Schools,60.39,NA,NA,NA,NA,Not Participating,NA
Clay County Schools,53.62,NA,NA,NA,NA,Not Participating,NA
Cleveland County Schools,64.48,NA,NA,NA,NA,Some Schools,NA
Columbus County Schools,65.28,NA,NA,NA,NA,Some Schools,District Wide
Whiteville City Schools,62.78,NA,NA,NA,NA,District Wide,NA
Classical Charter Schools of Whiteville,60.44,NA,NA,NA,NA,District Wide,NA
Craven County Schools,45.56,NA,NA,NA,NA,Some Schools,NA
Cumberland County Schools,54.35,NA,NA,NA,NA,Some Schools,NA
Alpha Academy,51.04,NA,NA,NA,NA,Not Participating,NA
Capitol Encore Academy,59.72,NA,NA,NA,NA,Not Participating,NA
Currituck County Schools,26.95,NA,NA,NA,NA,Not Participating,NA
Dare County Schools,32.8,NA,NA,NA,NA,Not Participating,NA
Davidson County Schools,42.5,NA,NA,NA,NA,Not Participating,NA
Lexington City Schools,72.45,NA,NA,NA,NA,District Wide,NA
Thomasville City Schools,71.17,NA,NA,NA,NA,District Wide,District Wide
Residential Schools,68.79,NA,NA,NA,NA,District Wide,NA
Davie County Schools,43.62,NA,NA,NA,NA,Not Participating,NA
Duplin County Schools,62.3,NA,NA,NA,NA,District Wide,NA
Durham Public Schools,46.66,NA,NA,NA,NA,Some Schools,NA
Maureen Joy Charter,81.85,NA,NA,NA,NA,Not Participating,NA
Durham Charter School,72.34,NA,NA,NA,NA,Some Schools,NA
Community School of Digital and Visual Arts (CSDVA),76.44,NA,NA,NA,NA,District Wide,NA
Kestrel Heights Charter School,51.94,NA,NA,NA,NA,Not Participating,NA
Research Triangle Charter,55.7,NA,NA,NA,NA,Not Participating,NA
Central Park School for Children,32.47,NA,NA,NA,NA,Not Participating,NA
Voyager Academy,3.87,NA,NA,NA,NA,Not Participating,NA
Global Scholars Academy,64.02,NA,NA,NA,NA,District Wide,NA
KIPP Durham College Preparatory,59.24,NA,NA,NA,NA,District Wide,NA
Edgecombe County Schools,73.34,NA,NA,NA,NA,Some Schools,NA
North East Carolina Preparatory School,57.73,NA,NA,NA,NA,Not Participating,NA
Forsyth County Schools,54.09,NA,NA,NA,NA,Some Schools,NA
Quality Education Academy,90.98,NA,NA,NA,NA,District Wide,NA
Carter G. Woodson School,72.45,NA,NA,NA,NA,District Wide,NA
Forsyth Academy,72.01,NA,NA,NA,NA,Not Participating,NA
Franklin County Schools,60.94,NA,NA,NA,NA,Not Participating,NA
Gaston County Schools,50.28,NA,NA,NA,NA,Some Schools,NA
Mountain Island Charter School,18.21,NA,NA,NA,NA,Not Participating,NA
Ridgeview Charter School,91.03,NA,NA,NA,NA,District Wide,NA
Gates County Schools,43.1,NA,NA,NA,NA,Not Participating,NA
Graham County Schools,66.15,NA,NA,NA,NA,Not Participating,NA
Granville County Schools,52.1,NA,NA,NA,NA,Not Participating,NA
Greene County Schools,64.41,NA,NA,NA,NA,District Wide,NA
Guilford County Schools,52.49,NA,NA,NA,NA,Some Schools,NA
Guilford Preparatory,90.04,NA,NA,NA,NA,District Wide,NA
Triad Math & Science Academy,74.23,NA,NA,NA,NA,District Wide,NA
The College Preparatory and Leadership Academy of High Point,79.89,NA,NA,NA,NA,District Wide,NA
Summerfield Charter Academy,11.92,NA,NA,NA,NA,Not Participating,NA
Gate City Charter Academy,67.58,NA,NA,NA,NA,Not Participating,NA
Next Generation Academy,96.97,NA,NA,NA,NA,District Wide,NA
Summit Creek Academy,59.39,NA,NA,NA,NA,Not Participating,NA
Halifax County Schools,78.36,NA,NA,NA,NA,District Wide,NA
Roanoke Rapids City Schools,56.93,NA,NA,NA,NA,District Wide,NA
Weldon City Schools,69.24,NA,NA,NA,NA,District Wide,NA
KIPP - Halifax College Preparatory,76.88,NA,NA,NA,NA,District Wide,NA
Harnett County Schools,46.36,NA,NA,NA,NA,Some Schools,NA
Haywood County Schools,50.1,NA,NA,NA,NA,Some Schools,NA
Henderson County Schools,42.89,NA,NA,NA,NA,Not Participating,NA
Hertford County Schools,78.75,NA,NA,NA,NA,District Wide,NA
Hoke County Schools,50.68,NA,NA,NA,NA,District Wide,NA
Hyde County Schools,66.88,NA,NA,NA,NA,District Wide,NA
Iredell-Statesville Schools,36.31,NA,NA,NA,NA,Some Schools,NA
Mooresville Graded School District,32.79,NA,NA,NA,NA,Not Participating,NA
American Renaissance Middle School,45.17,NA,NA,NA,NA,Not Participating,NA
Success Institute Charter,79.12,NA,NA,NA,NA,District Wide,NA
Langtree Charter Academy,21.48,NA,NA,NA,NA,Not Participating,NA
Iredell Charter Academy of Arts & Science,38.73,NA,NA,NA,NA,Not Participating,NA
Jackson County Schools,48.85,NA,NA,NA,NA,Some Schools,NA
Johnston County Schools,36.79,NA,NA,NA,NA,Some Schools,NA
Johnston Charter Academy,33.04,NA,NA,NA,NA,Not Participating,NA
Jones County Schools,68.19,NA,NA,NA,NA,District Wide,NA
Lee County Schools,52.42,NA,NA,NA,NA,Not Participating,NA
MINA Charter School of Lee County,52.35,NA,NA,NA,NA,District Wide,NA
Central Carolina Academy,30.15,NA,NA,NA,NA,Not Participating,NA
Lenoir County Public Schools,64.24,NA,NA,NA,NA,District Wide,NA
Children's Village Academy,83.23,NA,NA,NA,NA,District Wide,NA
Lincoln County Schools,39.2,NA,NA,NA,NA,Some Schools,NA
West Lake Preparatory Academy,30.03,NA,NA,NA,NA,Not Participating,NA
Macon County Schools,47.96,NA,NA,NA,NA,Some Schools,NA
Madison County Schools,52.76,NA,NA,NA,NA,Some Schools,NA
Martin County Schools,68.95,NA,NA,NA,NA,District Wide,NA
McDowell County Schools,57.44,NA,NA,NA,NA,Not Participating,NA
Charlotte-Mecklenburg Schools,41.44,NA,NA,NA,NA,Some Schools,NA
Sugar Creek Charter,76.37,NA,NA,NA,NA,District Wide,NA
Queen's Grant Community,29.5,NA,NA,NA,NA,Not Participating,NA
KIPP Charlotte,73.16,NA,NA,NA,NA,District Wide,NA
Aristotle Preparatory Academy,92.81,NA,NA,NA,NA,District Wide,NA
Eastside STREAM Academy,60.92,NA,NA,NA,NA,Not Participating,NA
Mitchell County Schools,45.53,NA,NA,NA,NA,Not Participating,NA
Charlotte Lab School,36.95,NA,NA,NA,NA,Not Participating,NA
The Math and Science Academy of Charlotte,55.03,NA,NA,NA,NA,Not Participating,NA
Mallard Creek STEM Academy,55.27,NA,NA,NA,NA,Not Participating,NA
Matthew's Charter Academy,39.68,NA,NA,NA,NA,Not Participating,NA
Movement Charter School,90.63,NA,NA,NA,NA,District Wide,NA
Steele Creek Preparatory Academy,59.71,NA,NA,NA,NA,Not Participating,NA
Montgomery County Schools,58.59,NA,NA,NA,NA,Not Participating,NA
Southwest Charlotte STEM Academy,43.45,NA,NA,NA,NA,Not Participating,NA
Movement School Eastland,81.68,NA,NA,NA,NA,District Wide,NA
Telra Institute,6.35,NA,NA,NA,NA,Not Participating,NA
Movement School Southwest,82.61,NA,NA,NA,NA,Not Participating,NA
Moore County Schools,35.35,NA,NA,NA,NA,Not Participating,NA
Nash-Rocky Mount Schools,57.24,NA,NA,NA,NA,Some Schools,NA
Rocky Mount Preparatory,69.16,NA,NA,NA,NA,District Wide,NA
New Hanover County Schools,41.66,NA,NA,NA,NA,Some Schools,NA
Classical Charter Schools of Wilmington,100,NA,NA,NA,NA,District Wide,District Wide
Girls Leadership Academy of Wilmington,57.14,NA,NA,NA,NA,District Wide,NA
Wilmington School of the Arts,48.17,NA,NA,NA,NA,Not Participating,NA
Northampton County Schools,78.37,NA,NA,NA,NA,District Wide,NA
Gaston College Preparatory,71.37,NA,NA,NA,NA,District Wide,NA
Onslow County Schools,38.08,NA,NA,NA,NA,Some Schools,NA
Z.E.C.A. School of Art and Technology,79.59,NA,NA,NA,NA,District Wide,NA
Orange County Schools,43.03,NA,NA,NA,NA,Not Participating,NA
Chapel Hill-Carrboro Schools,30.07,NA,NA,NA,NA,Not Participating,NA
Pamlico County Schools,53.59,NA,NA,NA,NA,Some Schools,NA
Arapahoe Charter School,49.04,NA,NA,NA,NA,Not Participating,NA
Pasquotank County Schools,58.26,NA,NA,NA,NA,Some Schools,NA
Northeast Academy for Aerospace and Advanced Technologies,24.8,NA,NA,NA,NA,Not Participating,NA
Pender County Schools,40.35,NA,NA,NA,NA,Not Participating,NA
Perquimans County Schools,56.35,NA,NA,NA,NA,Not Participating,NA
Person County Schools,56.86,NA,NA,NA,NA,Some Schools,NA
Bethel Hill Charter,44.07,NA,NA,NA,NA,Not Participating,NA
Pitt County Schools,49.72,NA,NA,NA,NA,Some Schools,NA
Winterville Charter Academy,52.56,NA,NA,NA,NA,Not Participating,NA
Polk County Schools,50.3,NA,NA,NA,NA,Some Schools,NA
Randolph County Schools,50.99,NA,NA,NA,NA,Some Schools,NA
Asheboro City Schools,60.19,NA,NA,NA,NA,Not Participating,NA
Richmond County Schools,73.87,NA,NA,NA,NA,District Wide,NA
Robeson County Schools,67.92,NA,NA,NA,NA,Some Schools,NA
CIS Academy,51.33,NA,NA,NA,NA,Not Participating,NA
Old Main STREAM Academy,43.96,NA,NA,NA,NA,Not Participating,NA
Rockingham County Schools,63.85,NA,NA,NA,NA,Some Schools,NA
Rowan-Salisbury Schools,54.68,NA,NA,NA,NA,Some Schools,NA
Rutherford County Schools,58.2,NA,NA,NA,NA,District Wide,NA
Sampson County Schools,61.66,NA,NA,NA,NA,District Wide,NA
Clinton City Schools,66.28,NA,NA,NA,NA,District Wide,NA
Scotland County Schools,73.86,NA,NA,NA,NA,District Wide,NA
Stanly County Schools,47.65,NA,NA,NA,NA,Some Schools,NA
Stokes County Schools,47.8,NA,NA,NA,NA,Not Participating,NA
Surry County Schools,53.19,NA,NA,NA,NA,Some Schools,NA
Elkin City Schools,36.05,NA,NA,NA,NA,Not Participating,NA
Mount Airy City Schools,48.83,NA,NA,NA,NA,Some Schools,NA
Swain County Schools,54.02,NA,NA,NA,NA,Some Schools,NA
Transylvania County Schools,50.96,NA,NA,NA,NA,Not Participating,NA
Tyrrell County Schools,59,NA,NA,NA,NA,District Wide,NA
Union County Public Schools,26.89,NA,NA,NA,NA,Some Schools,NA
Union Preparatory Academy,32.98,NA,NA,NA,NA,Not Participating,NA
Vance County Schools,78.97,NA,NA,NA,NA,District Wide,NA
Henderson Collegiate,72.25,NA,NA,NA,NA,District Wide,NA
Wake County Schools,27.62,NA,NA,NA,NA,Some Schools,NA
PreEminent Charter,65.21,NA,NA,NA,NA,Not Participating,NA
Wake Forest Charter Academy,29.4,NA,NA,NA,NA,Not Participating,NA
Cardinal Charter Academy,32.67,NA,NA,NA,NA,Not Participating,NA
Warren County Schools,75.24,NA,NA,NA,NA,District Wide,NA
Haliwa-Saponi Tribal School,82.35,NA,NA,NA,NA,District Wide,NA
RISE Southeast Raleigh Charter School,70.61,NA,NA,NA,NA,District Wide,NA
Peak Charter Academy,7,NA,NA,NA,NA,Not Participating,NA
Rolesville Charter Academy,31.11,NA,NA,NA,NA,Not Participating,NA
Cardinal Charter Academy at Wendell Falls,38.55,NA,NA,NA,NA,Not Participating,NA
Doral Academy of North Carolina,93.2,NA,NA,NA,NA,Not Participating,NA
Washington County Schools,80.53,NA,NA,NA,NA,District Wide,NA
Watauga County Schools,29.13,NA,NA,NA,NA,Not Participating,NA
Wayne County Public Schools,58.96,NA,NA,NA,NA,Some Schools,NA
Dillard Academy,85.32,NA,NA,NA,NA,District Wide,NA
Wilkes County Schools,51.85,NA,NA,NA,NA,Some Schools,NA
Wilson County Schools,58,NA,NA,NA,NA,Some Schools,NA
Sallie B Howard School,68.32,NA,NA,NA,NA,District Wide,NA
Wilson Preparatory Academy,54.19,NA,NA,NA,NA,Not Participating,NA
Yadkin County Schools,49.29,NA,NA,NA,NA,Not Participating,NA
Yancey County Schools,50,NA,NA,NA,NA,Not Participating,NA
Alamance-Burlington Schools,52.27,NA,NA,NA,NA,NA,Some Schools
Alleghany County Schools,65.14,NA,NA,NA,NA,NA,Not Participating
Anson County Schools,76.98,NA,NA,NA,NA,NA,District Wide
Ashe County Schools,55.62,NA,NA,NA,NA,NA,District Wide
Avery County Schools,53.62,NA,NA,NA,NA,NA,District Wide
Marjorie Williams Academy,91.96,NA,NA,NA,NA,NA,District Wide
Beaufort County Schools,67.87,NA,NA,NA,NA,NA,District Wide
Bertie County Schools,79.72,NA,NA,NA,NA,NA,District Wide
Bladen County Schools,69.58,NA,NA,NA,NA,NA,District Wide
Paul R. Brown Leadership Academy,100,NA,NA,NA,NA,NA,District Wide
Brunswick County Schools,56.18,NA,NA,NA,NA,NA,District Wide
Camp Lejeune Schools,28.97,NA,NA,NA,NA,NA,Not Participating
Fort Liberty Schools,2.8,NA,NA,NA,NA,NA,Not Participating
Trinity Christian School,49.71,NA,NA,NA,NA,NA,District Wide
Greensboro Islamic Academy,77.96,NA,NA,NA,NA,NA,District Wide
Buncombe County Schools,42.92,NA,NA,NA,NA,NA,District Wide
Asheville City Schools,39.46,NA,NA,NA,NA,NA,Not Participating
Evergreen Community Charter School,30.28,NA,NA,NA,NA,NA,Not Participating
Burke County Schools,53.83,NA,NA,NA,NA,NA,Some Schools
Cabarrus County Schools,37.81,NA,NA,NA,NA,NA,Some Schools
Kannapolis City Schools,63.61,NA,NA,NA,NA,NA,District Wide
Valor Preparatory Academy,52.21,NA,NA,NA,NA,NA,Not Participating
A.C.E. Academy,63.55,NA,NA,NA,NA,NA,District Wide
Concord Lake STEAM Academy,63.72,NA,NA,NA,NA,NA,Not Participating
Caldwell County Schools,58.18,NA,NA,NA,NA,NA,Some Schools
Camden County Schools,21.68,NA,NA,NA,NA,NA,Not Participating
Carteret County Public Schools,40.61,NA,NA,NA,NA,NA,Not Participating
Caswell County Schools,72.76,NA,NA,NA,NA,NA,District Wide
Catawba County Schools,48.5,NA,NA,NA,NA,NA,Some Schools
Hickory City Schools,61,NA,NA,NA,NA,NA,District Wide
Newton Conover City Schools,54.48,NA,NA,NA,NA,NA,Some Schools
Chatham County Schools,41.07,NA,NA,NA,NA,NA,Not Participating
Chatham Charter School,26.47,NA,NA,NA,NA,NA,Not Participating
Cherokee County Schools,61.92,NA,NA,NA,NA,NA,District Wide
Edenton/Chowan Schools,69.11,NA,NA,NA,NA,NA,District Wide
Clay County Schools,52.25,NA,NA,NA,NA,NA,Not Participating
Cleveland County Schools,66.68,NA,NA,NA,NA,NA,District Wide
Whiteville City Schools,65.07,NA,NA,NA,NA,NA,District Wide
Classical Charter Schools of Whiteville,68.37,NA,NA,NA,NA,NA,District Wide
Craven County Schools,48.99,NA,NA,NA,NA,NA,Some Schools
Cumberland County Schools,56.85,NA,NA,NA,NA,NA,Some Schools
Alpha Academy,0,NA,NA,NA,NA,NA,Not Participating
Capitol Encore Academy,76.18,NA,NA,NA,NA,NA,District Wide
Currituck County Schools,0,NA,NA,NA,NA,NA,Not Participating
Dare County Schools,36.26,NA,NA,NA,NA,NA,Some Schools
Davidson County Schools,49.09,NA,NA,NA,NA,NA,Some Schools
Lexington City Schools,75.86,NA,NA,NA,NA,NA,District Wide
Residential Schools,74.83,NA,NA,NA,NA,NA,District Wide
Davie County Schools,51.94,NA,NA,NA,NA,NA,Not Participating
Duplin County Schools,67.99,NA,NA,NA,NA,NA,District Wide
Durham Public Schools,49.39,NA,NA,NA,NA,NA,Some Schools
Maureen Joy Charter,75.7,NA,NA,NA,NA,NA,District Wide
Durham Charter School,73.21,NA,NA,NA,NA,NA,District Wide
Community School of Digital and Visual Arts (CSDVA),89.2,NA,NA,NA,NA,NA,District Wide
Kestrel Heights Charter School,46.59,NA,NA,NA,NA,NA,Not Participating
Research Triangle Charter,59.67,NA,NA,NA,NA,NA,Not Participating
Central Park School for Children,30.85,NA,NA,NA,NA,NA,Not Participating
Voyager Academy,23.22,NA,NA,NA,NA,NA,Not Participating
Global Scholars Academy,63.08,NA,NA,NA,NA,NA,District Wide
KIPP Durham College Preparatory,61.94,NA,NA,NA,NA,NA,District Wide
Edgecombe County Schools,75.6,NA,NA,NA,NA,NA,Some Schools
North East Carolina Preparatory School,65.17,NA,NA,NA,NA,NA,District Wide
Forsyth County Schools,57.06,NA,NA,NA,NA,NA,Some Schools
Quality Education Academy,92.67,NA,NA,NA,NA,NA,District Wide
Carter G. Woodson School,88.38,NA,NA,NA,NA,NA,District Wide
Forsyth Academy,78.12,NA,NA,NA,NA,NA,District Wide
Franklin County Schools,58.53,NA,NA,NA,NA,NA,District Wide
Gaston County Schools,54.35,NA,NA,NA,NA,NA,Some Schools
Mountain Island Charter School,11.65,NA,NA,NA,NA,NA,Not Participating
Ridgeview Charter School,80,NA,NA,NA,NA,NA,District Wide
Gates County Schools,45.42,NA,NA,NA,NA,NA,Not Participating
Graham County Schools,68.16,NA,NA,NA,NA,NA,District Wide
Granville County Schools,55.62,NA,NA,NA,NA,NA,Some Schools
Greene County Schools,71.18,NA,NA,NA,NA,NA,District Wide
Guilford County Schools,57.15,NA,NA,NA,NA,NA,Some Schools
Guilford Preparatory,82.02,NA,NA,NA,NA,NA,District Wide
Triad Math & Science Academy,61.21,NA,NA,NA,NA,NA,District Wide
The College Preparatory and Leadership Academy of High Point,79.54,NA,NA,NA,NA,NA,District Wide
Summerfield Charter Academy,13.28,NA,NA,NA,NA,NA,Not Participating
Gate City Charter Academy,73.89,NA,NA,NA,NA,NA,District Wide
Next Generation Academy,85.57,NA,NA,NA,NA,NA,District Wide
The Experiential School of Greensboro,41.73,NA,NA,NA,NA,NA,Not Participating
Summit Creek Academy,59.78,NA,NA,NA,NA,NA,District Wide
Halifax County Schools,83.95,NA,NA,NA,NA,NA,District Wide
Roanoke Rapids City Schools,69.51,NA,NA,NA,NA,NA,District Wide
Weldon City Schools,75.35,NA,NA,NA,NA,NA,District Wide
KIPP - Halifax College Preparatory,77.09,NA,NA,NA,NA,NA,District Wide
Harnett County Schools,48.92,NA,NA,NA,NA,NA,Some Schools
Haywood County Schools,54.68,NA,NA,NA,NA,NA,District Wide
Henderson County Schools,41.59,NA,NA,NA,NA,NA,District Wide
Hertford County Schools,82.38,NA,NA,NA,NA,NA,District Wide
Hoke County Schools,51.6,NA,NA,NA,NA,NA,District Wide
Hyde County Schools,69.52,NA,NA,NA,NA,NA,District Wide
Iredell-Statesville Schools,34.83,NA,NA,NA,NA,NA,Some Schools
Mooresville Graded School District,35.37,NA,NA,NA,NA,NA,Not Participating
American Renaissance Middle School,51.55,NA,NA,NA,NA,NA,Not Participating
Success Institute Charter,96.63,NA,NA,NA,NA,NA,District Wide
Langtree Charter Academy,24.89,NA,NA,NA,NA,NA,Not Participating
Iredell Charter Academy of Arts & Science,43.35,NA,NA,NA,NA,NA,Not Participating
Jackson County Schools,48.25,NA,NA,NA,NA,NA,Some Schools
Johnston County Schools,39.41,NA,NA,NA,NA,NA,Some Schools
Johnston Charter Academy,38.16,NA,NA,NA,NA,NA,Not Participating
Jones County Schools,72.32,NA,NA,NA,NA,NA,District Wide
Lee County Schools,55,NA,NA,NA,NA,NA,Some Schools
MINA Charter School of Lee County,56.08,NA,NA,NA,NA,NA,District Wide
Central Carolina Academy,28.4,NA,NA,NA,NA,NA,Not Participating
Lenoir County Public Schools,67.94,NA,NA,NA,NA,NA,District Wide
Children's Village Academy,92.96,NA,NA,NA,NA,NA,District Wide
Lincoln County Schools,40.77,NA,NA,NA,NA,NA,Some Schools
West Lake Preparatory Academy,42.42,NA,NA,NA,NA,NA,Not Participating
Macon County Schools,47.72,NA,NA,NA,NA,NA,Some Schools
Madison County Schools,51.55,NA,NA,NA,NA,NA,District Wide
Martin County Schools,70.55,NA,NA,NA,NA,NA,District Wide
McDowell County Schools,59.18,NA,NA,NA,NA,NA,District Wide
Charlotte-Mecklenburg Schools,43.07,NA,NA,NA,NA,NA,Some Schools
Sugar Creek Charter,66.05,NA,NA,NA,NA,NA,District Wide
Queen's Grant Community,34.24,NA,NA,NA,NA,NA,Not Participating
KIPP Charlotte,74.29,NA,NA,NA,NA,NA,District Wide
American Leadership Academy Charlotte,93.65,NA,NA,NA,NA,NA,District Wide
Mitchell County Schools,53.03,NA,NA,NA,NA,NA,District Wide
Charlotte Lab School,42.22,NA,NA,NA,NA,NA,Not Participating
The Math and Science Academy of Charlotte,44.53,NA,NA,NA,NA,NA,District Wide
Mallard Creek STEM Academy,53.36,NA,NA,NA,NA,NA,District Wide
Matthew's Charter Academy,40.08,NA,NA,NA,NA,NA,Not Participating
Movement Charter School,90.59,NA,NA,NA,NA,NA,District Wide
Steele Creek Preparatory Academy,67.02,NA,NA,NA,NA,NA,District Wide
Montgomery County Schools,59.29,NA,NA,NA,NA,NA,District Wide
Southwest Charlotte STEM Academy,44.35,NA,NA,NA,NA,NA,District Wide
Movement School Eastland,85.25,NA,NA,NA,NA,NA,District Wide
Telra Institute,6.14,NA,NA,NA,NA,NA,Not Participating
Movement School Southwest,89.66,NA,NA,NA,NA,NA,District Wide
Movement School Northwest,71.72,NA,NA,NA,NA,NA,Not Participating
Moore County Schools,38.19,NA,NA,NA,NA,NA,Some Schools
Nash County Public Schools,59.26,NA,NA,NA,NA,NA,Some Schools
Rocky Mount Preparatory,75,NA,NA,NA,NA,NA,District Wide
New Hanover County Schools,43.32,NA,NA,NA,NA,NA,Some Schools
Girls Leadership Academy of Wilmington,53.4,NA,NA,NA,NA,NA,District Wide
Wilmington School of the Arts,50.23,NA,NA,NA,NA,NA,Not Participating
Northampton County Schools,91.01,NA,NA,NA,NA,NA,District Wide
Gaston College Preparatory,70.33,NA,NA,NA,NA,NA,District Wide
Onslow County Schools,45.2,NA,NA,NA,NA,NA,Some Schools
Z.E.C.A. School of Art and Technology,0,NA,NA,NA,NA,NA,District Wide
Orange County Schools,42.32,NA,NA,NA,NA,NA,Some Schools
Chapel Hill-Carrboro Schools,31.76,NA,NA,NA,NA,NA,Not Participating
Pamlico County Schools,53.61,NA,NA,NA,NA,NA,District Wide
Arapahoe Charter School,56.04,NA,NA,NA,NA,NA,District Wide
Pasquotank County Schools,63.8,NA,NA,NA,NA,NA,District Wide
Northeast Academy for Aerospace and Advanced Technologies,27.21,NA,NA,NA,NA,NA,Not Participating
Pender County Schools,44.48,NA,NA,NA,NA,NA,Some Schools
Perquimans County Schools,55.61,NA,NA,NA,NA,NA,District Wide
Person County Schools,60.73,NA,NA,NA,NA,NA,District Wide
Bethel Hill Charter,48.28,NA,NA,NA,NA,NA,Not Participating
Pitt County Schools,52.25,NA,NA,NA,NA,NA,Some Schools
Winterville Charter Academy,55.57,NA,NA,NA,NA,NA,Not Participating
Polk County Schools,51.81,NA,NA,NA,NA,NA,District Wide
Randolph County Schools,52.56,NA,NA,NA,NA,NA,Some Schools
Asheboro City Schools,63.15,NA,NA,NA,NA,NA,District Wide
Richmond County Schools,73.05,NA,NA,NA,NA,NA,District Wide
Robeson County Schools,78.21,NA,NA,NA,NA,NA,Some Schools
CIS Academy,64.55,NA,NA,NA,NA,NA,Not Participating
Old Main STREAM Academy,67.06,NA,NA,NA,NA,NA,Not Participating
Rockingham County Schools,59.22,NA,NA,NA,NA,NA,District Wide
Rowan-Salisbury Schools,56.45,NA,NA,NA,NA,NA,District Wide
Rutherford County Schools,65.88,NA,NA,NA,NA,NA,District Wide
Sampson County Schools,68.61,NA,NA,NA,NA,NA,District Wide
Clinton City Schools,67.84,NA,NA,NA,NA,NA,District Wide
Scotland County Schools,75.85,NA,NA,NA,NA,NA,District Wide
Stanly County Schools,50.91,NA,NA,NA,NA,NA,Some Schools
Stokes County Schools,51.59,NA,NA,NA,NA,NA,Not Participating
Surry County Schools,59.91,NA,NA,NA,NA,NA,Some Schools
Elkin City Schools,39.31,NA,NA,NA,NA,NA,Not Participating
Mount Airy City Schools,53.51,NA,NA,NA,NA,NA,District Wide
Swain County Schools,58.78,NA,NA,NA,NA,NA,District Wide
Transylvania County Schools,52.73,NA,NA,NA,NA,NA,District Wide
Tyrrell County Schools,62.92,NA,NA,NA,NA,NA,District Wide
Union County Public Schools,26.67,NA,NA,NA,NA,NA,Some Schools
Union Preparatory Academy,36.6,NA,NA,NA,NA,NA,Not Participating
Vance County Schools,80.06,NA,NA,NA,NA,NA,District Wide
Henderson Collegiate,80.75,NA,NA,NA,NA,NA,District Wide
Wake County Schools,30.12,NA,NA,NA,NA,NA,Some Schools
PreEminent Charter,72.46,NA,NA,NA,NA,NA,District Wide
Wake Forest Charter Academy,31.21,NA,NA,NA,NA,NA,Not Participating
Cardinal Charter Academy,36.81,NA,NA,NA,NA,NA,Not Participating
Warren County Schools,82.85,NA,NA,NA,NA,NA,District Wide
Haliwa-Saponi Tribal School,86.01,NA,NA,NA,NA,NA,District Wide
RISE Southeast Raleigh Charter School,91.88,NA,NA,NA,NA,NA,District Wide
Peak Charter Academy,9.51,NA,NA,NA,NA,NA,Not Participating
Rolesville Charter Academy,41.06,NA,NA,NA,NA,NA,Not Participating
Cardinal Charter Academy at Wendell Falls,48.5,NA,NA,NA,NA,NA,Not Participating
Doral Academy of North Carolina,33.77,NA,NA,NA,NA,NA,Not Participating
Washington County Schools,82.74,NA,NA,NA,NA,NA,District Wide
Watauga County Schools,31.68,NA,NA,NA,NA,NA,Not Participating
Wayne County Public Schools,62.72,NA,NA,NA,NA,NA,Some Schools
Dillard Academy,95.38,NA,NA,NA,NA,NA,District Wide
Wayne STEM Academy,53.09,NA,NA,NA,NA,NA,Not Participating
Wilkes County Schools,54.52,NA,NA,NA,NA,NA,District Wide
Wilson County Schools,58.41,NA,NA,NA,NA,NA,Some Schools
Sallie B Howard School,75.57,NA,NA,NA,NA,NA,District Wide
Wilson Preparatory Academy,64.74,NA,NA,NA,NA,NA,District Wide
Yadkin County Schools,49.77,NA,NA,NA,NA,NA,Some Schools
Yancey County Schools,52.25,NA,NA,NA,NA,NA,Not Participating
